{"cameraMode":{"drawMode":0,"name":"Shaded","section":"Shading Mode"},"sceneLighting":true,"audioPlay":false,"sceneViewState":{"showFog":true,"showMaterialUpdate":false,"showSkybox":true,"showFlares":true,"showImageEffects":true,"showParticleSystems":true},"in2DMode":false,"pivot":{"x":19.335535049438478,"y":-0.12600064277648927,"z":-19.978252410888673},"rotation":{"x":-0.0021814657375216486,"y":-0.9914167523384094,"z":0.13011880218982697,"w":-0.016344210132956506},"size":12.17630386352539,"orthographic":false}